id;employee_number;contract_start_date;contract_end_date;bank_name;branch_name;bank_account;insurance_registration_number;date_joining;designation;district_id;facility_id;category_id;training_id;carder_id;department_name;confirmation_id;is_confirmed;confirmation_letter_name;project_name;active
1;calculate Investment Account;2020-09-01;2020-09-02;Investment Account port withdrawal;Realigned;Tuna Granite;leading-edge;2020-09-02;interfaces Handmade;21024;97958;83938;8020;783;Indiana;12826;false;International alarm;Switchable Garden;false
2;Isle indigo;2020-09-02;2020-09-02;Global;Germany National Albania;Singapore;Connecticut Berkshire Wooden;2020-09-02;Concrete;35290;66828;95916;18581;73893;Jersey frictionless;95730;true;deposit Decentralized Home Loan Account;Fish ROI Sausages;false
3;Norfolk Island Kiribati lavender;2020-09-02;2020-09-02;Movies;payment Infrastructure;Ergonomic Steel Bike;calculating initiatives bluetooth;2020-09-01;white;18263;43323;90189;81327;601;purple white 1080p;4028;false;deliverables;Kids Checking Account;false
4;architecture Pants Profound;2020-09-02;2020-09-02;deposit;Personal Loan Account;Ball Investor;Soft Crest Practical Wooden Towels;2020-09-02;open architecture Malaysia;22443;63381;93077;42468;23334;redundant;23399;false;payment;Burundi Franc Assimilated;true
5;Idaho;2020-09-01;2020-09-02;GB;SMS Configuration Egyptian Pound;Internal Movies;adapter systems International;2020-09-02;Handmade Steel Chair Music;89994;3513;14322;53108;28727;models;84474;false;bandwidth virtual;4th generation Salad;true
6;circuit Administrator;2020-09-02;2020-09-02;blue Assimilated Fantastic;moderator Expanded;Agent;Developer back-end reboot;2020-09-02;Toys Licensed Wooden Computer virtual;7021;15468;25302;42782;47909;Fantastic Pennsylvania;67880;false;JBOD quantifying Senior;red Home;false
7;back-end;2020-09-02;2020-09-01;Strategist transition Sleek Plastic Chicken;open-source open-source;deposit Rustic;Florida deposit supply-chains;2020-09-02;Bedfordshire;32125;43814;84549;48260;29740;Program;84609;true;Montana Accounts policy;neural e-business fuchsia;true
8;Refined;2020-09-02;2020-09-02;purple JSON Solutions;Rapids override;generate Concrete interface;Secured vertical;2020-09-01;Gorgeous Steel Bacon;8822;93172;45033;40799;36533;iterate Kansas;72781;true;Borders;deposit ADP;false
9;Architect;2020-09-02;2020-09-02;Table;national Cotton;Infrastructure Fantastic Granite Computer Generic;payment generating;2020-09-02;Jewelery Branding Implemented;96098;72867;5368;9922;52133;hacking;95974;true;Kip Berkshire;online Summit;true
10;Zambia;2020-09-01;2020-09-01;Outdoors;Maryland payment Utah;streamline;holistic;2020-09-02;cyan;99030;53284;15430;62135;82169;dedicated New York;39622;true;Manor back-end web services;cyan synthesize;false
