id;first_name;middle_name;last_name;address;gender;birth_date;email;cell_phone;telephone;marital_status;picture;picture_content_type;employee_number;active;date_joining;salary;contract_start_date;contract_end_date;bank_name;branch_name;bank_account;insurance_registration_number;department_id;employee_type_id;designation_id;facility_id;project_id
1;Savion;GB XML;Gislason;Concrete Ergonomic workforce;Investment Account green;2020-09-11;Abdul32@gmail.com;Texas hard drive Savings Account;(473) 153-4116 x37001;interface withdrawal;../fake-data/blob/hipster.png;image/png;Ferry deploy installation;false;2020-09-11;55205;2020-09-11;2020-09-11;payment discrete Tunisia;Unbranded;copy;cross-platform;1;1;1;1;1
2;Billy;Chicken;Kirlin;Fantastic Frozen Tuna Implementation;Senior mobile;2020-09-11;Tabitha70@yahoo.com;Handmade Plastic Computer;(087) 327-9066 x16510;West Virginia Boliviano Mvdol;../fake-data/blob/hipster.png;image/png;Representative;true;2020-09-12;89788;2020-09-11;2020-09-11;Slovakia (Slovak Republic);Buckinghamshire;strategy eyeballs;navigating extend Investment Account;2;2;2;2;2
3;Jefferey;digital payment;Baumbach;Buckinghamshire Incredible Rubber Bacon Gloves;Team-oriented online connect;2020-09-12;Chester.Leannon6@yahoo.com;deliverables Stravenue;1-182-079-4208;Outdoors;../fake-data/blob/hipster.png;image/png;Steel;false;2020-09-11;64655;2020-09-11;2020-09-11;Liaison capacitor neural-net;green Identity Handmade Wooden Tuna;North Korean Won Automotive;Rupiah white;3;3;3;3;3
4;Cierra;EXE input;Price;bandwidth pink;deposit Savings Account Wyoming;2020-09-11;Melany10@gmail.com;programming firewall integrated;1-982-836-8186 x263;Unbranded Steel Mouse;../fake-data/blob/hipster.png;image/png;orange disintermediate Integration;false;2020-09-11;47526;2020-09-12;2020-09-11;Tools Canyon;New York transmitting Canada;Buckinghamshire cutting-edge Generic;global indexing;4;4;4;4;4
5;Kenyatta;back-end Georgia invoice;Jerde;open system Lead bypass;tangible;2020-09-12;Bo.Herman@gmail.com;feed mindshare Solutions;(916) 954-3428 x0986;Assurance throughput;../fake-data/blob/hipster.png;image/png;Avon Rustic mission-critical;false;2020-09-11;87446;2020-09-11;2020-09-11;Lead;hacking policy Sports;transmitter;Licensed Plastic Table copying;5;5;5;5;5
6;Mara;Indian Rupee;Conn;monitor;violet;2020-09-11;Wilber.Nader@gmail.com;Parks black parsing;644-358-5093;Persistent;../fake-data/blob/hipster.png;image/png;Kwanza JBOD;true;2020-09-11;28412;2020-09-12;2020-09-11;Rubber archive;Investment Account static;Dominican Republic implement;multi-byte Intelligent Steel Shirt Applications;6;6;6;6;6
7;Cooper;online Unbranded Kids;O'Kon;auxiliary Fresh bluetooth;French Southern Territories Cotton Moldova;2020-09-11;Andreane56@yahoo.com;secondary Kids;(875) 195-7353 x0642;input internet solution Ergonomic Granite Fish;../fake-data/blob/hipster.png;image/png;North Korean Won;true;2020-09-12;52473;2020-09-12;2020-09-11;Technician Auto Loan Account;action-items Plains;Minnesota;e-commerce payment;7;7;7;7;7
8;Kris;invoice;Wisozk;global;deposit;2020-09-11;Claud84@yahoo.com;primary Kwacha;(879) 681-2940;deposit Program payment;../fake-data/blob/hipster.png;image/png;Infrastructure;false;2020-09-12;17703;2020-09-11;2020-09-11;Home Loan Account;next-generation deliverables Buckinghamshire;protocol;Riel;8;8;8;8;8
9;Dashawn;tan redundant;Nikolaus;Macao Ergonomic Metal Fish;Home Loan Account;2020-09-11;Beulah_Carter16@yahoo.com;Wisconsin Incredible;1-141-018-5530;turn-key;../fake-data/blob/hipster.png;image/png;transmit Rupiah Buckinghamshire;true;2020-09-12;3158;2020-09-11;2020-09-11;Director didactic violet;connect Profit-focused;Principal copy e-business;bypassing;9;9;9;9;9
10;Mavis;South Carolina;Lemke;monitor Walks AI;Pataca Soft Algerian Dinar;2020-09-11;Sasha95@yahoo.com;knowledge user Granite;1-454-344-4435 x3412;National Lithuanian Litas;../fake-data/blob/hipster.png;image/png;auxiliary pink;true;2020-09-11;83149;2020-09-11;2020-09-11;Producer;Intelligent dynamic;Hawaii;navigating;10;10;10;10;10
